,index,Age,Height,Job,Location,Sports,Sex,Name
0,0,20-24,175.0,other,1,tennis,Male,William Moore
1,1,>30,170.0,other,2,tennis,Male,Shelby Snow
2,2,>30,168.0,seller,3,basketball,Male,Lori Martinez
3,3,20-24,171.0,student,4,volleyball,Male,Erin Gross
4,4,25-30,166.0,other,3,tennis,Male,Vanessa Barrett
5,5,25-30,167.0,other,3,volleyball,Male,Amy Anderson
6,6,>30,165.0,seller,3,tennis,Female,Norma Kemp
7,7,>30,165.0,other,3,tennis,Female,Brandi Webster
8,8,20-24,167.0,seller,5,tennis,Female,Timothy Vang
9,9,>30,165.0,student,6,tennis,Male,Douglas Poole
10,10,>30,170.0,seller,3,football,Male,Bryan Kennedy
11,11,25-30,172.0,other,7,volleyball,Male,Alicia Rose
12,12,20-24,172.0,other,3,football,Male,Christopher Harris
13,13,>30,166.0,other,3,swimming,Female,Anna Clark
14,14,25-30,162.0,other,8,tennis,Female,Kathleen Martinez
15,15,>30,165.0,doctor,3,tennis,Female,Christina Cooper DDS
16,16,>30,170.0,other,2,tennis,Male,Christine Johnson
17,17,25-30,164.0,other,3,football,Female,Chad Orr
18,18,>30,171.0,doctor,3,tennis,Male,Joshua Henderson
19,19,>30,172.0,engineer,3,tennis,Male,Christopher Benjamin
20,20,25-30,167.0,other,3,table_tenis,Female,Robin Austin
21,21,20-24,167.0,student,3,tennis,Female,Erica Castillo
22,22,>30,169.0,accounting,3,tennis,Male,Zachary Mcpherson
23,23,>30,171.0,teacher,3,tennis,Male,Veronica Mann
24,24,>30,173.0,other,2,volleyball,Male,Michael Mayer
25,25,25-30,170.0,doctor,9,tennis,Male,Kristi Smith
26,26,20-24,172.0,other,3,table_tenis,Male,Jeffrey Velazquez
27,27,20-24,167.0,other,2,tennis,Male,Amanda Davis
28,28,>30,174.0,seller,3,tennis,Male,Daniel Frederick
29,29,>30,168.0,other,3,football,Male,Kelsey Gutierrez
30,30,25-30,164.0,other,3,football,Female,James Mcknight
31,31,25-30,172.0,engineer,3,badminton,Male,Brandy Burnett
32,32,>30,167.0,other,8,football,Female,Casey Mcclain
33,33,20-24,160.0,other,10,swimming,Female,Christopher Robinson
34,34,25-30,169.0,other,3,tennis,Male,Guy Trevino
35,35,25-30,169.0,other,3,football,Male,Raymond Martinez
36,36,>30,169.0,engineer,3,table_tenis,Male,Damon Jimenez
37,37,25-30,169.0,other,2,tennis,Male,Larry Stanley
38,38,25-30,163.0,other,11,football,Female,Mrs. Jennifer Friedman
39,39,>30,174.0,other,10,football,Male,Matthew Johnson
40,40,>30,176.0,other,12,volleyball,Male,Eric Patterson
41,41,>30,172.0,seller,2,football,Male,Laura Mccoy
42,42,>30,175.0,other,4,football,Male,Mark Schwartz
43,43,>30,171.0,other,3,badminton,Male,Miss Rebekah Walker MD
44,44,25-30,166.0,other,3,basketball,Female,Connie Beck
45,45,25-30,169.0,teacher,2,football,Male,Pamela Villarreal
46,46,25-30,173.0,seller,3,football,Male,Dennis Henderson
47,47,25-30,170.0,other,3,football,Male,Denise Smith
48,48,>30,167.0,other,3,football,Female,Roger Bush
49,49,25-30,166.0,engineer,13,tennis,Female,James Stevens
50,50,>30,166.0,other,2,football,Female,Edward Woods
51,51,>30,165.0,seller,2,badminton,Female,Zachary Munoz
52,52,>30,169.0,engineer,3,tennis,Male,Danielle Cline
53,53,>30,169.0,other,2,tennis,Male,Ryan Maddox
54,54,>30,169.0,other,12,tennis,Male,Kaylee Clark
55,55,>30,170.0,doctor,3,tennis,Male,Brandi Ramirez
56,56,25-30,171.0,student,4,football,Male,Jennifer Anderson
57,57,20-24,172.0,other,3,football,Male,Chelsey Lopez
58,58,20-24,170.0,student,3,tennis,Male,Meagan Kelley
59,59,>30,171.0,seller,3,tennis,Male,Justin Norton
60,60,>30,167.0,other,3,table_tenis,Male,Charles Nunez
61,61,>30,175.0,other,3,tennis,Male,Rita Hernandez
62,62,>30,170.0,other,3,football,Male,Evan Mann
63,63,25-30,167.0,teacher,3,badminton,Female,Joe King
64,64,25-30,172.0,other,3,football,Male,Brian Johnson
65,65,25-30,168.0,engineer,3,football,Male,Kevin Cooper
66,66,20-24,165.0,teacher,14,football,Male,Ms. Elizabeth Watts
67,67,>30,166.0,student,3,tennis,Female,Frederick Jones
68,68,>30,169.0,doctor,15,tennis,Female,Isabel Torres
69,69,25-30,176.0,other,4,tennis,Male,Tamara Anderson
70,70,25-30,162.0,engineer,13,football,Female,Joseph Brown
71,71,>30,167.0,other,3,badminton,Female,Terry Walker
72,72,>30,173.0,other,16,tennis,Male,Cody Lopez
73,73,>30,161.0,other,2,football,Female,Tracy Medina
74,74,25-30,172.0,teacher,2,tennis,Male,Carlos Gaines
75,75,25-30,167.0,other,2,football,Female,John Bell
76,76,25-30,172.0,seller,4,badminton,Male,Christopher Hudson
77,77,25-30,165.0,other,3,tennis,Female,Michelle Richards
78,78,>30,167.0,other,3,football,Female,Gina Craig
79,79,20-24,171.0,other,3,tennis,Male,Edwin James
80,80,25-30,167.0,accounting,3,football,Female,Tammy Smith
81,81,>30,169.0,seller,3,tennis,Male,Joseph Dennis
82,82,>30,169.0,accounting,3,tennis,Male,Melissa Stanley
83,83,>30,164.0,engineer,3,tennis,Female,Brianna Price
84,84,>30,173.0,engineer,3,badminton,Male,Ariana Gould
85,85,25-30,168.0,seller,15,volleyball,Male,Anthony Miller
86,86,>30,166.0,seller,3,tennis,Female,Ms. Michelle Farmer
87,87,25-30,161.0,other,3,football,Female,Brandon Jackson
88,88,>30,171.0,other,2,football,Male,Jennifer Phillips
89,89,>30,164.0,seller,3,tennis,Female,Kimberly Leblanc
90,90,20-24,174.0,other,3,football,Male,Tina Erickson
91,91,25-30,174.0,engineer,10,football,Male,Kathryn Young
92,92,25-30,167.0,doctor,17,football,Female,David Moore
93,93,25-30,169.0,other,3,badminton,Male,Nicole Hampton
94,94,25-30,167.0,other,3,tennis,Male,Cristina Jenkins
95,95,25-30,178.0,other,3,tennis,Male,Melinda Rivas
96,96,>30,175.0,other,3,tennis,Male,Eric Harris
97,97,>30,170.0,other,3,football,Male,Dawn Sanchez
98,98,>30,166.0,accounting,3,badminton,Female,Blake Frank
99,99,>30,172.0,other,18,football,Male,Rebecca Sweeney
100,100,>30,171.0,teacher,3,football,Male,Gerald Burgess
101,101,>30,168.0,other,7,football,Male,Brenda Williamson
102,102,>30,169.0,teacher,19,football,Male,Danny Blanchard
103,103,>30,170.0,other,3,badminton,Male,Samantha Johnston
104,104,>30,163.0,other,3,badminton,Female,Jonathan Hayes
105,105,>30,165.0,teacher,20,badminton,Female,Brian Hale
106,106,>30,164.0,accounting,12,badminton,Female,Jeffrey Gamble
107,107,20-24,172.0,doctor,21,tennis,Male,Carla Weaver
108,108,25-30,164.0,other,3,badminton,Female,Jonathan Sanchez
109,109,25-30,166.0,other,22,football,Male,Julia Clark
110,110,>30,168.0,teacher,3,football,Male,Bryan Cruz
111,111,25-30,171.0,teacher,2,badminton,Male,Paul Harrington
112,112,20-24,174.0,seller,2,football,Male,Sandra Carter DDS
113,113,20-24,166.0,other,3,tennis,Female,Gina Miranda
114,114,>30,170.0,engineer,16,tennis,Male,Tommy Jones
115,115,>30,172.0,seller,23,football,Male,Jared Marks MD
116,116,<20,168.0,seller,24,football,Male,Mr. Carlos Diaz
117,117,>30,167.0,other,25,tennis,Male,Jason Bowers
118,118,20-24,165.0,seller,3,tennis,Female,Sarah Miller
119,119,25-30,166.0,student,4,tennis,Female,Pamela Evans
120,120,20-24,171.0,other,3,basketball,Male,Jeremiah Blankenship
121,121,>30,175.0,other,26,tennis,Male,James Meyer
122,122,20-24,166.0,other,3,tennis,Male,Daniel Dean
123,123,20-24,170.0,doctor,3,badminton,Male,Seth Bradford
124,124,25-30,162.0,doctor,3,football,Female,Larry Brown
125,125,25-30,168.0,engineer,3,tennis,Male,Alisha Johnson
126,126,>30,173.0,engineer,16,football,Male,Hannah Smith
127,127,25-30,168.0,other,3,tennis,Male,Diana Hernandez
128,128,25-30,171.0,other,3,tennis,Male,Stephanie Daniels
129,129,25-30,166.0,other,12,football,Male,Jonathan Oliver
130,130,>30,169.0,seller,3,volleyball,Male,Adam Smith
131,131,>30,168.0,seller,4,tennis,Female,Karen Morales
132,132,>30,168.0,other,3,tennis,Female,Alexis Beard
133,133,>30,168.0,teacher,3,tennis,Female,Amanda Lambert
134,134,20-24,168.0,student,4,tennis,Male,James Howard
135,135,>30,167.0,other,3,football,Female,Amy Duncan
136,136,20-24,175.0,seller,4,volleyball,Male,Patrick Campbell
137,137,>30,173.0,other,27,basketball,Male,Bradley Foster
138,138,>30,167.0,engineer,2,badminton,Male,Carol Jenkins
139,139,20-24,173.0,developer,18,football,Male,Austin Hernandez
140,140,>30,162.0,other,3,football,Female,Jennifer Lutz
141,141,>30,173.0,other,7,tennis,Male,Colleen Castro
142,142,>30,173.0,other,2,tennis,Male,William Cooper
143,143,25-30,174.0,seller,2,football,Male,Karen Howe
144,144,>30,163.0,seller,4,football,Female,Jerome Avila
145,145,20-24,167.0,other,3,tennis,Male,Cynthia Gray
146,146,25-30,170.0,seller,28,football,Male,Ryan Hawkins
147,147,>30,166.0,other,26,table_tenis,Male,Stephen Munoz
148,148,>30,164.0,student,12,badminton,Female,Krystal Harper
149,149,>30,167.0,other,29,tennis,Female,Samuel Campos
150,150,>30,163.0,teacher,3,badminton,Female,Douglas Pearson
151,151,>30,168.0,other,3,swimming,Male,Eric Hernandez
152,152,>30,168.0,other,2,tennis,Male,Sonya Marshall
153,153,20-24,175.0,seller,2,football,Male,Manuel Conrad
154,154,25-30,173.0,other,2,tennis,Male,Taylor Patterson
155,155,25-30,161.0,other,6,football,Female,Tiffany Taylor DDS
156,156,>30,162.0,accounting,30,football,Female,Brandon Farrell
157,157,25-30,168.0,other,3,badminton,Female,Colleen Henson
158,158,>30,169.0,teacher,31,tennis,Female,Jennifer Lloyd
159,159,20-24,163.0,seller,10,badminton,Female,Mark Casey
160,160,>30,162.0,seller,2,tennis,Female,Mary Ryan
161,161,>30,166.0,doctor,28,tennis,Female,Justin Mcdaniel
162,162,25-30,166.0,other,3,football,Male,Brittany Mclaughlin
163,163,>30,166.0,doctor,3,football,Female,Julia Sanchez
164,164,20-24,172.0,student,4,football,Male,Nicole Young
165,165,>30,174.0,other,3,football,Male,Melvin Davis
166,166,>30,172.0,seller,3,football,Male,Paul Walters
167,167,25-30,163.0,other,4,tennis,Female,Christina Torres
168,168,25-30,168.0,engineer,3,badminton,Female,Patricia Rivera
169,169,>30,166.0,seller,2,swimming,Female,Susan Reed
170,170,20-24,166.0,student,3,football,Female,Patricia Nguyen
171,171,>30,170.0,other,10,tennis,Male,Brian Hodges
172,172,>30,173.0,accounting,12,badminton,Male,Jenna Miller
173,173,>30,163.0,other,3,tennis,Female,Christopher Holmes
174,174,20-24,169.0,other,32,tennis,Male,Paul Ferguson
175,175,>30,166.0,doctor,3,football,Male,Jacob Knox
176,176,25-30,168.0,other,11,tennis,Male,Robert Mccormick
177,177,25-30,172.0,other,3,tennis,Male,Daniel Sims
178,178,>30,168.0,seller,11,basketball,Female,Steven Hughes
179,179,25-30,171.0,other,28,table_tenis,Male,Michael Durham
180,180,>30,169.0,other,2,swimming,Male,Andrew Ford
181,181,20-24,166.0,other,29,tennis,Female,Jamie Thompson
182,182,25-30,168.0,other,3,tennis,Female,Mark Gonzalez
183,183,>30,170.0,other,6,football,Male,Thomas Austin IV
184,184,25-30,174.0,teacher,24,football,Male,Joyce White
185,185,>30,163.0,teacher,25,football,Female,Christine Brown
186,186,>30,166.0,other,3,football,Female,Mrs. Eileen Hill
187,187,>30,160.0,teacher,3,football,Female,Michele Mccormick
188,188,25-30,167.0,other,3,tennis,Female,Danielle Adams
189,189,>30,179.0,other,3,tennis,Male,Eric Vargas
190,190,25-30,161.0,engineer,4,badminton,Female,Brian Weiss
191,191,>30,169.0,other,13,badminton,Male,April Zimmerman
192,192,25-30,169.0,other,2,tennis,Female,Jimmy Berg
193,193,>30,167.0,other,2,tennis,Male,Timothy Powell
194,194,>30,171.0,teacher,33,tennis,Male,Alexandra Rogers
195,195,>30,163.0,teacher,3,table_tenis,Female,Keith Brown
196,196,25-30,167.0,other,3,tennis,Male,Ruth Rogers
197,197,>30,163.0,other,3,football,Female,David Jennings
198,198,25-30,164.0,doctor,3,badminton,Female,Robert Grimes
199,199,<20,162.0,seller,7,tennis,Female,Cynthia Cook
200,200,25-30,165.0,doctor,34,football,Female,Maria Johnson
201,201,25-30,167.0,other,3,badminton,Male,Christy Johnson
202,202,25-30,166.0,teacher,12,tennis,Female,Joanne Reeves
203,203,>30,163.0,student,2,tennis,Female,Ashlee Dyer
204,204,25-30,163.0,seller,3,table_tenis,Female,Theresa Rocha
205,205,>30,169.0,other,2,tennis,Female,William Thompson
206,206,>30,171.0,seller,3,basketball,Male,Lauren Lee
207,207,20-24,169.0,other,6,badminton,Female,Roger Johnson
208,208,>30,167.0,student,3,volleyball,Female,Joshua Kramer
209,209,>30,166.0,other,12,tennis,Female,Anna Gonzalez
210,210,>30,162.0,doctor,12,tennis,Female,Ariel Harris
211,211,>30,172.0,engineer,3,tennis,Male,Kimberly Patel
212,212,>30,169.0,other,3,football,Male,Dawn Smith
213,213,>30,169.0,other,2,football,Male,Breanna Shannon
214,214,20-24,159.0,other,35,tennis,Female,Danielle Bell
215,215,>30,174.0,engineer,36,volleyball,Male,William Lane
216,216,>30,170.0,other,2,tennis,Male,Julia Hale
217,217,>30,165.0,other,3,tennis,Female,Lisa Nguyen
218,218,25-30,170.0,other,4,table_tenis,Male,Michael White
219,219,25-30,166.0,other,3,tennis,Female,Gregory Austin
220,220,20-24,170.0,seller,26,football,Male,Erica Phillips
221,221,>30,164.0,doctor,31,tennis,Female,Megan Johnson
222,222,>30,169.0,other,3,tennis,Male,Warren Noble
223,223,>30,163.0,doctor,37,tennis,Female,Wendy Dunlap
224,224,20-24,162.0,other,2,tennis,Female,Andrew Rose
225,225,>30,168.0,other,38,swimming,Female,Michael Hardy
226,226,25-30,171.0,seller,3,football,Male,Kenneth Harris
227,227,>30,171.0,teacher,3,tennis,Female,David Henderson
228,228,>30,169.0,other,3,tennis,Male,Julia Carrillo
229,229,>30,170.0,teacher,4,football,Female,Shawn Wilson
230,230,25-30,172.0,seller,3,badminton,Male,Jennifer Swanson
231,231,>30,166.0,other,39,badminton,Female,Susan Weaver
232,232,>30,165.0,engineer,40,football,Female,Steven Carroll
233,233,>30,165.0,other,2,tennis,Female,Jimmy Murphy
234,234,>30,168.0,other,25,tennis,Male,Dylan Kennedy
235,235,>30,168.0,other,6,football,Male,Jason Young
236,236,>30,162.0,teacher,40,tennis,Female,Joshua Chen
237,237,25-30,172.0,seller,24,football,Male,Samuel Baldwin
238,238,20-24,163.0,other,3,tennis,Female,Dr. Hannah Brown
239,239,<20,173.0,student,6,swimming,Male,Michelle Wilson
240,240,>30,167.0,other,3,badminton,Male,Erin Love
241,241,>30,165.0,seller,6,football,Female,Rachel Leon
242,242,>30,169.0,doctor,6,tennis,Male,Dr. Frank Olson
243,243,25-30,180.0,other,4,table_tenis,Male,Monique Mckay
244,244,>30,161.0,other,3,tennis,Female,Melissa Rice
245,245,>30,163.0,other,2,table_tenis,Female,Amy Howell
246,246,25-30,173.0,student,2,tennis,Male,Heather Mora
247,247,>30,163.0,doctor,3,basketball,Female,Ruth Kim
248,248,>30,171.0,accounting,35,football,Male,Jennifer Cooper
249,249,>30,162.0,other,28,tennis,Female,Abigail Hall
250,250,20-24,168.0,seller,41,tennis,Female,Joshua Herrera
251,251,>30,172.0,other,3,football,Male,Rachel Dunlap DDS
252,252,>30,165.0,doctor,4,tennis,Female,Bob Sweeney
253,253,25-30,167.0,seller,3,badminton,Female,Mark Hunt
254,254,>30,167.0,other,18,tennis,Male,James Spears
255,255,>30,168.0,other,2,tennis,Male,Jessica Hernandez
256,256,20-24,167.0,seller,2,football,Male,Benjamin Mcdonald
257,257,>30,167.0,other,3,football,Female,Evan Moore
258,258,>30,162.0,other,34,tennis,Female,Joseph Wallace
259,259,>30,163.0,doctor,26,football,Female,Brian Lewis
260,260,>30,164.0,teacher,4,tennis,Female,Laurie Ross
261,261,>30,172.0,other,20,football,Male,Patricia Mcgee
262,262,>30,162.0,teacher,6,basketball,Female,Lori Villarreal
263,263,>30,166.0,other,3,tennis,Female,John Jacobs
264,264,>30,167.0,other,21,swimming,Male,Timothy Phillips
265,265,25-30,162.0,other,2,tennis,Female,Casey Davis
266,266,>30,169.0,other,6,tennis,Female,Jeremy Scott
267,267,>30,169.0,engineer,4,tennis,Male,Lisa Rose
268,268,>30,164.0,seller,3,football,Female,Maureen Hale
269,269,20-24,162.0,seller,3,badminton,Female,Jackie Lewis
270,270,25-30,170.0,engineer,3,badminton,Male,Logan Andrews
271,271,25-30,164.0,other,2,badminton,Female,Ryan Campbell
272,272,>30,163.0,other,42,tennis,Female,Nicole Murphy
273,273,25-30,167.0,other,3,football,Female,Robert Reynolds
274,274,25-30,168.0,doctor,3,football,Male,Anthony Parker
275,275,>30,167.0,engineer,4,tennis,Male,Alexis Price
276,276,25-30,165.0,seller,1,football,Female,Cassandra Baker
277,277,>30,167.0,doctor,3,tennis,Female,Sarah Hendricks
278,278,>30,164.0,other,10,basketball,Female,Christopher Gross
279,279,25-30,171.0,seller,29,football,Female,Kathleen Smith
280,280,25-30,180.0,other,24,tennis,Male,Meagan Morrow
281,281,>30,160.0,other,12,tennis,Female,Timothy Schmidt
282,282,>30,171.0,other,2,tennis,Male,Natalie Ho
283,283,>30,169.0,other,3,swimming,Male,Jennifer Robinson
284,284,20-24,167.0,seller,2,badminton,Female,Stacy Brown
285,285,>30,164.0,seller,43,basketball,Female,Christina Nunez
286,286,25-30,162.0,seller,3,tennis,Female,Patricia Fields
287,287,>30,163.0,other,10,tennis,Female,Ryan Ruiz
288,288,20-24,161.0,seller,3,tennis,Female,John Berry
289,289,<20,169.0,seller,23,football,Male,Megan Gardner
290,290,25-30,176.0,other,4,tennis,Male,Charles Walton
291,291,>30,170.0,other,3,football,Male,Emily Kaiser
292,292,25-30,172.0,engineer,3,football,Male,Priscilla Pollard
293,293,>30,163.0,other,4,tennis,Female,Janet Hoffman
294,294,20-24,169.0,doctor,2,swimming,Male,Sarah Henderson
295,295,>30,172.0,seller,11,football,Male,Lindsay James
296,296,>30,170.0,accounting,8,football,Male,Lance Shannon
297,297,25-30,173.0,doctor,3,football,Male,Mike Ho
298,298,>30,162.0,other,3,tennis,Female,Johnathan Gibson
299,299,>30,162.0,other,2,tennis,Female,Cassandra Burgess
300,300,>30,172.0,other,2,tennis,Male,Theresa Becker
301,301,>30,166.0,teacher,18,badminton,Female,Stephanie Martin
302,302,>30,165.0,other,3,tennis,Female,Lindsay Mullen
303,303,25-30,170.0,other,3,tennis,Male,Lisa Bender
304,304,>30,171.0,other,3,badminton,Male,Victoria Schroeder
305,305,>30,171.0,other,4,table_tenis,Female,Gregory Gonzalez
306,306,>30,164.0,teacher,26,football,Female,Melissa Huerta
307,307,>30,163.0,other,3,tennis,Female,Anthony Moreno
308,308,>30,175.0,other,3,tennis,Male,Willie Rosario
309,309,25-30,170.0,teacher,28,tennis,Male,Jonathan Crawford
310,310,>30,173.0,other,31,swimming,Male,David Brown
311,311,>30,168.0,other,3,football,Male,Angela Johnson
312,312,25-30,169.0,other,4,basketball,Male,Steve Ross
313,313,>30,164.0,other,21,tennis,Female,Latasha Jackson
314,314,>30,168.0,other,3,football,Male,Kenneth Carlson
315,315,>30,168.0,engineer,20,tennis,Female,Marc Ellison
316,316,>30,174.0,other,4,swimming,Male,Kevin Wilson
317,317,25-30,161.0,seller,31,tennis,Female,Anita Morton
318,318,>30,166.0,other,35,basketball,Female,Christopher Benjamin
319,319,>30,162.0,doctor,3,tennis,Female,Joshua Yang
320,320,>30,167.0,teacher,4,basketball,Female,Jesus Poole
321,321,>30,172.0,other,2,tennis,Male,David Rodriguez
322,322,<20,167.0,student,3,tennis,Female,Lindsay Clayton
323,323,>30,164.0,other,44,tennis,Female,Charles Chapman
324,324,>30,168.0,doctor,3,badminton,Female,Bethany Lee
325,325,>30,163.0,doctor,3,football,Female,Nicholas Doyle
326,326,20-24,169.0,engineer,3,badminton,Male,Maria Herring
327,327,>30,168.0,seller,3,tennis,Female,Shelby Howell
328,328,>30,165.0,other,29,tennis,Female,Jennifer Nunez
329,329,>30,166.0,other,3,football,Male,Mary Brady
330,330,>30,162.0,other,26,football,Female,Michael Ryan
331,331,>30,172.0,other,3,tennis,Male,Nancy Mcgee
332,332,20-24,170.0,seller,3,football,Male,Erin Levine
333,333,<20,169.0,student,6,tennis,Male,Justin Quinn
334,334,>30,164.0,seller,3,tennis,Female,James Beck
335,335,>30,163.0,other,11,tennis,Female,Robert Perry
336,336,20-24,160.0,doctor,45,volleyball,Female,Mr. Bryan Holt Jr.
337,337,>30,165.0,other,3,tennis,Female,Laurie Newman
338,338,>30,167.0,accounting,3,badminton,Female,Phillip Dennis
339,339,>30,172.0,doctor,3,tennis,Male,Nicholas Cervantes
340,340,25-30,171.0,other,3,tennis,Male,Julie Roy
341,341,>30,173.0,engineer,44,badminton,Male,Kevin Smith
342,342,>30,168.0,other,2,football,Male,Keith Hays
343,343,25-30,162.0,other,3,tennis,Female,Dennis Valdez
344,344,20-24,169.0,other,35,tennis,Male,Daniel Payne
345,345,>30,171.0,other,3,tennis,Male,Edward Bonilla
346,346,>30,166.0,seller,12,football,Female,Sherry Smith
347,347,<20,172.0,student,13,tennis,Male,Travis Henderson
348,348,>30,168.0,other,30,football,Male,Lisa Frank
349,349,>30,173.0,doctor,36,badminton,Male,Breanna Peterson
350,350,>30,167.0,other,3,tennis,Male,Sandra Warren
351,351,25-30,175.0,other,16,badminton,Male,Cheryl Mcmillan
352,352,>30,174.0,teacher,4,tennis,Male,Stephanie Reynolds
353,353,>30,174.0,student,31,tennis,Male,Kenneth Humphrey
354,354,>30,168.0,other,24,tennis,Female,Ricky Coffey
355,355,25-30,164.0,seller,3,football,Female,Carla Spencer
356,356,25-30,175.0,engineer,3,badminton,Male,Ralph Franklin
357,357,>30,163.0,other,46,swimming,Female,William Davis
358,358,>30,165.0,other,3,tennis,Female,Angela Reed
359,359,>30,172.0,other,31,football,Male,Gregory Olson
360,360,>30,168.0,seller,2,tennis,Female,Jill Cruz
361,361,>30,169.0,other,10,tennis,Female,Kevin Cochran
362,362,25-30,173.0,other,3,tennis,Male,Erika Gomez
363,363,20-24,170.0,other,3,football,Male,Jasmine Evans
364,364,>30,169.0,seller,25,tennis,Male,Matthew Alexander
365,365,>30,173.0,other,3,football,Male,Sylvia Rich
366,366,>30,169.0,teacher,6,football,Male,Antonio Baxter
367,367,>30,171.0,engineer,12,tennis,Male,Barbara Reyes
368,368,25-30,173.0,other,3,football,Male,Eric Garner
369,369,25-30,163.0,engineer,47,badminton,Female,David Martin
370,370,25-30,167.0,other,3,football,Male,Nancy Avery
371,371,20-24,164.0,teacher,3,tennis,Female,Carolyn Santos
372,372,>30,171.0,other,2,tennis,Male,Walter Bond
373,373,25-30,172.0,seller,3,football,Male,Abigail Myers
374,374,>30,174.0,other,20,football,Male,David Jenkins
375,375,>30,172.0,other,25,football,Male,Jacqueline Baker
376,376,20-24,171.0,other,3,tennis,Male,Matthew Acosta
377,377,>30,164.0,other,3,tennis,Female,Alyssa Davis
378,378,>30,166.0,accounting,3,tennis,Female,Gregory Baker
379,379,>30,174.0,teacher,4,volleyball,Male,Kenneth Parker
380,380,>30,168.0,seller,20,football,Male,Abigail Watson
381,381,25-30,170.0,student,3,football,Female,Julie White
382,382,>30,168.0,other,2,basketball,Male,Kara Freeman
383,383,>30,176.0,other,3,tennis,Male,Casey Wilson
384,384,>30,172.0,student,3,tennis,Male,Raymond Zamora
385,385,>30,170.0,accounting,3,football,Male,Ashley Reed
386,386,>30,167.0,other,2,tennis,Male,Spencer Benson
387,387,>30,164.0,other,3,tennis,Male,Casey Paul
388,388,>30,168.0,seller,7,football,Male,Angela Young
389,389,20-24,166.0,student,3,football,Female,Melissa Holmes
390,390,>30,169.0,other,15,badminton,Male,Shannon Baker
391,391,>30,172.0,engineer,35,football,Male,Daniel Cole
392,392,>30,161.0,accounting,36,swimming,Female,Melissa Edwards
393,393,>30,174.0,engineer,3,tennis,Male,Dr. Joshua Casey
394,394,>30,164.0,other,2,badminton,Female,Dorothy Robinson
395,395,>30,166.0,doctor,4,basketball,Female,Richard Duncan
396,396,>30,173.0,other,3,tennis,Male,Charles Wheeler
397,397,>30,176.0,doctor,4,tennis,Male,Jacob Clark
398,398,>30,171.0,other,3,table_tenis,Male,Rodney Pearson
399,399,>30,169.0,seller,3,football,Male,Charles Barker
400,400,25-30,171.0,other,40,football,Male,Valerie Mccoy
401,401,25-30,171.0,teacher,3,badminton,Male,Jessica Campbell
402,402,20-24,191.0,other,3,tennis,Female,Brandi Hamilton
403,403,>30,174.0,teacher,12,tennis,Male,George Doyle
404,404,>30,162.0,other,11,tennis,Female,David Bradley
405,405,>30,167.0,other,4,basketball,Female,Eric Salazar
406,406,20-24,162.0,other,2,badminton,Female,Wendy Garcia
407,407,25-30,171.0,other,3,football,Male,Erin Nguyen
408,408,>30,170.0,other,2,football,Male,Benjamin Lambert
409,409,25-30,172.0,engineer,48,badminton,Male,Anthony Sharp
410,410,>30,172.0,engineer,15,table_tenis,Male,Diana Jenkins
411,411,>30,164.0,other,26,table_tenis,Female,Jonathan Brown
412,412,>30,172.0,other,31,tennis,Male,Lisa Rodriguez
413,413,20-24,168.0,other,15,football,Male,Sarah Mullins
414,414,>30,168.0,other,10,tennis,Female,William Bishop
415,415,>30,171.0,engineer,24,tennis,Male,Thomas Perez
416,416,>30,166.0,seller,2,football,Male,Larry Schmidt
417,417,>30,167.0,other,25,tennis,Male,David Padilla
418,418,>30,168.0,seller,12,table_tenis,Female,Richard Frank
419,419,25-30,161.0,teacher,3,tennis,Female,Ashley Hernandez
420,420,>30,173.0,other,3,tennis,Female,Anna Houston
421,421,>30,171.0,other,3,tennis,Male,Terri Singh
422,422,>30,171.0,other,3,tennis,Male,Matthew Sloan
423,423,>30,164.0,doctor,2,swimming,Female,Brian Fletcher
424,424,25-30,172.0,other,3,football,Male,Beth Jones
425,425,>30,167.0,engineer,2,basketball,Female,George Ferguson
426,426,>30,165.0,seller,3,football,Female,Brian English
427,427,>30,174.0,seller,2,football,Male,Cody Sanchez
428,428,25-30,168.0,engineer,3,football,Male,Danielle Conley
429,429,20-24,161.0,seller,4,football,Female,Amanda Mitchell
430,430,>30,171.0,other,3,tennis,Male,Christopher Bowers
431,431,25-30,167.0,engineer,3,table_tenis,Male,Ashley Harding
432,432,>30,165.0,other,3,tennis,Male,Lisa Fleming
433,433,25-30,179.0,student,2,football,Male,Barry Baker
434,434,>30,161.0,other,15,football,Female,Joseph Green
435,435,25-30,166.0,other,3,badminton,Female,Angela Sanchez
436,436,>30,176.0,other,6,tennis,Male,Pamela King
437,437,20-24,169.0,engineer,25,volleyball,Male,Trevor Andrade
438,438,25-30,170.0,other,3,table_tenis,Male,Amanda Ellis
439,439,>30,165.0,doctor,2,tennis,Female,Veronica Johnson
440,440,20-24,172.0,other,3,football,Male,Oscar Peterson
441,441,20-24,171.0,other,2,football,Male,Kristen Montgomery
442,442,>30,171.0,other,3,tennis,Male,Clinton Phillips
443,443,>30,162.0,other,3,tennis,Female,Mark Fisher
444,444,>30,170.0,other,3,football,Male,Kelly Quinn
445,445,>30,172.0,seller,2,tennis,Male,Andrew Carson
446,446,25-30,170.0,teacher,3,football,Female,Diana Mcdaniel
447,447,>30,169.0,other,3,table_tenis,Male,Aaron Mann
448,448,25-30,171.0,other,4,tennis,Male,Patricia Davis
449,449,>30,170.0,other,11,tennis,Male,Danielle Wilson
450,450,>30,165.0,teacher,3,tennis,Female,Tyler Powers
451,451,>30,164.0,other,45,football,Female,Sarah Fritz
452,452,>30,168.0,other,4,tennis,Female,Rodney Herrera
453,453,>30,168.0,other,49,football,Male,Mark Carter
454,454,25-30,167.0,other,3,badminton,Male,Anthony Williams
455,455,>30,164.0,other,3,football,Female,Amy Morales
456,456,>30,172.0,seller,6,football,Male,Keith Reyes
457,457,>30,161.0,other,3,football,Female,Brendan Finley
458,458,>30,164.0,other,4,tennis,Female,Justin Harrison
459,459,>30,172.0,other,3,tennis,Male,Robert Cox
460,460,20-24,164.0,other,3,badminton,Female,Victor Dixon
461,461,>30,170.0,doctor,3,badminton,Male,James Garcia
462,462,>30,163.0,other,2,football,Female,Jeffrey Haynes
463,463,>30,172.0,other,3,tennis,Male,Elizabeth Walker
464,464,<20,166.0,seller,24,tennis,Male,Heather Mccoy
465,465,>30,165.0,seller,3,football,Male,Laura Briggs
466,466,20-24,164.0,student,3,swimming,Female,Justin Vasquez
467,467,>30,165.0,engineer,3,tennis,Female,Kyle Williams
468,468,20-24,164.0,other,2,badminton,Female,Michelle Glenn
469,469,>30,164.0,other,3,tennis,Female,Amanda Patel
470,470,25-30,163.0,other,24,football,Female,Benjamin Good
471,471,>30,163.0,other,2,badminton,Female,James Dominguez
472,472,>30,166.0,other,29,tennis,Female,Nicole Logan
473,473,>30,170.0,engineer,2,tennis,Male,Jillian Luna
474,474,>30,170.0,other,3,tennis,Male,Michael Harper
475,475,>30,167.0,other,3,tennis,Female,Austin James
476,476,>30,170.0,other,3,tennis,Male,Melanie Allen
477,477,20-24,168.0,seller,4,football,Female,Scott Baker
478,478,>30,173.0,other,4,tennis,Male,Joseph Wilson
479,479,>30,164.0,engineer,3,football,Female,Whitney Kaiser
480,480,>30,164.0,other,3,swimming,Female,Jerry Jones
481,481,25-30,171.0,other,2,football,Male,Heidi May
482,482,25-30,171.0,other,3,football,Male,Sean Mosley
483,483,25-30,162.0,other,3,tennis,Female,Edward Hull
484,484,20-24,167.0,other,3,badminton,Male,Timothy Mckinney
485,485,>30,167.0,other,25,tennis,Male,Benjamin Tucker MD
486,486,25-30,170.0,other,3,football,Male,John Swanson
487,487,>30,166.0,other,3,tennis,Female,Dylan Singh
488,488,20-24,172.0,other,3,tennis,Female,Barbara Daniel
489,489,>30,170.0,seller,2,tennis,Male,Kimberly Rojas
490,490,20-24,172.0,student,3,table_tenis,Male,Pamela Anderson
491,491,20-24,166.0,other,6,tennis,Female,Angela Willis
492,492,20-24,163.0,seller,3,tennis,Female,Lori Wood
493,493,>30,170.0,other,3,tennis,Male,Matthew Perez
494,494,25-30,171.0,student,4,football,Male,Edward Savage
495,495,>30,168.0,engineer,3,tennis,Male,Allen Brown
496,496,>30,164.0,teacher,10,tennis,Male,Kevin Johnson
497,497,25-30,170.0,other,3,football,Male,Gina Miller
498,498,20-24,168.0,other,3,tennis,Male,Darius Wright
499,499,>30,169.0,seller,3,football,Female,Willie Johnson
500,500,20-24,174.0,seller,3,football,Male,Jennifer Rice
501,501,>30,172.0,other,3,football,Male,Kathleen Burns
502,502,>30,175.0,developer,3,tennis,Male,Jennifer Gibson
503,503,>30,165.0,accounting,29,tennis,Female,Mary Abbott
504,504,<20,173.0,student,50,tennis,Male,Christopher Waters
505,505,25-30,169.0,seller,51,badminton,Male,Kenneth Hoffman
506,506,>30,162.0,other,12,tennis,Female,Mary Christensen
507,507,25-30,164.0,other,15,tennis,Female,Kenneth Palmer
508,508,>30,168.0,doctor,3,football,Female,David Nelson
509,509,>30,170.0,seller,2,football,Male,Michelle Kane
510,510,20-24,167.0,other,2,football,Male,Jacob Clarke
511,511,>30,172.0,other,3,football,Male,Michael Johnson
512,512,>30,169.0,other,3,tennis,Male,Teresa Wagner
513,513,25-30,168.0,seller,3,badminton,Male,Lisa Burnett
514,514,>30,171.0,doctor,3,table_tenis,Male,Dana Singh
515,515,>30,172.0,other,35,tennis,Male,Jennifer Cline
516,516,>30,168.0,doctor,3,badminton,Male,Gina Wells
517,517,>30,172.0,other,4,badminton,Male,Leslie Potts
518,518,>30,175.0,developer,3,tennis,Male,Carlos Miller
519,519,25-30,167.0,student,3,tennis,Female,Joseph Pearson
520,520,>30,168.0,accounting,3,tennis,Male,Melvin Flynn
521,521,>30,167.0,other,3,football,Female,Juan Sims
522,522,25-30,173.0,seller,10,football,Male,Joseph Horton
523,523,25-30,172.0,other,3,tennis,Male,Ashlee Livingston
524,524,>30,176.0,other,3,tennis,Male,Tamara Hernandez
525,525,>30,168.0,other,3,table_tenis,Female,Nicole Rice
526,526,>30,172.0,other,3,football,Male,Carlos Warner
527,527,25-30,167.0,other,10,badminton,Male,Anne Walker
528,528,>30,166.0,accounting,3,tennis,Female,Bryan Perez
529,529,>30,171.0,other,3,badminton,Male,Samuel Cameron
530,530,>30,169.0,accounting,3,tennis,Male,John Davenport
531,531,25-30,164.0,student,3,tennis,Female,Joseph Hunter
532,532,>30,175.0,other,3,tennis,Male,Gerald Martinez
533,533,25-30,169.0,other,3,football,Female,Ann Nelson
534,534,20-24,167.0,seller,3,football,Male,Deborah Thomas
535,535,>30,170.0,other,3,tennis,Male,Joseph Li
536,536,20-24,171.0,seller,29,tennis,Female,Scott Ryan
537,537,20-24,174.0,other,3,badminton,Male,Tom Hansen
538,538,>30,169.0,other,3,badminton,Male,Nicole Bauer
539,539,>30,168.0,engineer,3,football,Male,Cole Bell
540,540,>30,160.0,seller,3,football,Female,Nicole King
541,541,>30,168.0,seller,3,football,Male,Nichole Trujillo
542,542,>30,170.0,other,3,tennis,Male,Jennifer Bailey
543,543,>30,170.0,other,3,tennis,Male,Carol Carter
544,544,20-24,160.0,seller,3,tennis,Female,Susan Daniel
545,545,20-24,167.0,seller,3,tennis,Male,Jennifer Myers
546,546,>30,183.0,other,24,tennis,Male,Troy Hale
547,547,25-30,170.0,other,26,football,Male,Angela Reeves
548,548,25-30,159.0,other,3,football,Female,Colin Maldonado
549,549,20-24,171.0,other,3,swimming,Male,Mason Rodriguez
550,550,>30,177.0,other,3,badminton,Male,Vernon Turner
551,551,25-30,169.0,doctor,3,football,Male,Jessica Allen DDS
552,552,>30,176.0,other,8,tennis,Male,Tiffany Pierce
553,553,20-24,171.0,student,33,football,Male,Annette King
554,554,>30,168.0,seller,3,football,Female,Sarah Hensley
555,555,>30,170.0,teacher,3,badminton,Male,Scott Osborn
556,556,>30,170.0,doctor,52,tennis,Female,Ronald Stokes
557,557,>30,162.0,other,3,badminton,Female,Logan Stanley
558,558,>30,170.0,other,2,tennis,Female,Amy Larson
559,559,>30,166.0,other,3,basketball,Female,Raymond Lee
560,560,25-30,172.0,seller,3,tennis,Male,Anthony Chavez
561,561,20-24,173.0,other,3,football,Male,Mrs. Katelyn Griffin
562,562,25-30,168.0,teacher,2,swimming,Male,Lisa Wolf
563,563,>30,172.0,other,40,football,Male,Matthew Hart
564,564,>30,166.0,other,3,tennis,Female,Leslie Spencer
565,565,>30,170.0,other,52,tennis,Male,Jason Thomas
566,566,>30,168.0,seller,24,football,Male,Gregory Clark
567,567,25-30,176.0,other,2,badminton,Male,Timothy Carpenter
568,568,20-24,167.0,other,3,tennis,Male,Dawn Johnson
569,569,25-30,168.0,seller,8,football,Female,Megan Brown
570,570,25-30,174.0,other,6,tennis,Male,Hannah Espinoza
571,571,>30,167.0,teacher,3,tennis,Female,Benjamin Walker
572,572,>30,160.0,other,16,badminton,Female,Damon Edwards
573,573,>30,170.0,other,18,football,Male,Mrs. Angela Johnson DVM
574,574,25-30,163.0,other,31,badminton,Male,Erica Sanders
575,575,>30,168.0,doctor,53,table_tenis,Male,David Pineda
576,576,25-30,171.0,other,3,football,Male,Michael Rose
577,577,>30,173.0,student,3,football,Male,Matthew Martin
578,578,>30,172.0,other,2,football,Male,Anne Morse
579,579,>30,168.0,seller,31,football,Female,Kayla Evans
580,580,>30,177.0,other,26,tennis,Male,Denise Bell
581,581,<20,173.0,other,22,tennis,Male,Cassandra Johnson
582,582,25-30,168.0,teacher,12,tennis,Female,Travis Hawkins
583,583,>30,166.0,other,4,tennis,Female,Tammy Alvarado
584,584,>30,165.0,engineer,7,football,Male,Gloria Warren
585,585,>30,169.0,seller,27,swimming,Female,Philip Ramirez
586,586,20-24,171.0,other,12,tennis,Male,Christopher Luna
587,587,25-30,161.0,other,3,badminton,Female,Joe Moore
588,588,20-24,168.0,seller,3,football,Female,Eric Garcia
589,589,25-30,163.0,accounting,4,football,Female,Rachel Shah
590,590,>30,163.0,other,3,tennis,Female,Roger White
591,591,>30,172.0,other,10,tennis,Male,Suzanne Campos
592,592,>30,166.0,other,3,tennis,Female,Michael Clark
593,593,>30,164.0,accounting,43,basketball,Female,Monica Nash
594,594,>30,163.0,other,3,tennis,Female,John Spencer
595,595,>30,168.0,accounting,3,football,Female,Andrea Torres
596,596,>30,169.0,doctor,3,football,Female,Jennifer Griffith
597,597,>30,167.0,engineer,3,tennis,Female,Mariah Reid
598,598,>30,163.0,accounting,22,tennis,Female,James Morris
599,599,25-30,174.0,engineer,3,football,Male,Michael Rivera
600,600,25-30,168.0,engineer,3,table_tenis,Male,Maxwell Sutton
601,601,>30,167.0,other,3,badminton,Female,Donald Mccarthy
602,602,>30,167.0,other,4,tennis,Female,Suzanne Cortez
603,603,>30,163.0,accounting,4,tennis,Female,John Paul
604,604,>30,164.0,other,3,tennis,Male,Kevin Aguilar
605,605,>30,167.0,other,3,tennis,Female,Thomas Clay
606,606,>30,172.0,seller,15,tennis,Male,Jason Hamilton
607,607,>30,172.0,other,3,tennis,Male,Herbert Young
608,608,25-30,165.0,other,4,football,Male,Timothy Gonzales
609,609,>30,168.0,other,4,tennis,Female,Barbara Owens
610,610,>30,169.0,other,50,football,Female,David Roman
611,611,>30,169.0,other,3,tennis,Male,Nicole Cooper
612,612,>30,174.0,accounting,6,tennis,Male,Jessica Miller
613,613,25-30,173.0,doctor,3,badminton,Male,Mark Moore
614,614,>30,172.0,seller,24,tennis,Male,Hunter Smith
615,615,>30,163.0,doctor,3,swimming,Female,Erin Young
616,616,20-24,168.0,accounting,3,tennis,Female,Robert Sims
617,617,25-30,168.0,doctor,31,tennis,Male,Jamie Warren
618,618,25-30,175.0,other,13,table_tenis,Male,Joy Phillips
619,619,>30,173.0,seller,6,football,Male,Matthew Murphy
620,620,25-30,168.0,other,3,tennis,Female,Devon Jones
621,621,>30,167.0,engineer,3,football,Male,Hannah Parker
622,622,>30,173.0,other,3,tennis,Male,Laura Glass
623,623,25-30,164.0,other,16,table_tenis,Female,Holly Miller
624,624,25-30,171.0,other,3,tennis,Male,Denise Davis
625,625,25-30,164.0,other,6,football,Female,Anthony Johnson
626,626,>30,163.0,other,3,tennis,Female,Nicholas Schaefer
627,627,>30,171.0,other,4,badminton,Male,Nathan Ross
628,628,>30,164.0,teacher,2,badminton,Female,Christina Campbell
629,629,20-24,174.0,other,24,football,Male,Melissa Velez
630,630,>30,169.0,student,2,football,Female,Stephen Ball
631,631,25-30,173.0,other,18,badminton,Male,Brandon Jones
632,632,25-30,171.0,other,2,table_tenis,Male,Sydney Andrews
633,633,20-24,173.0,seller,24,football,Male,Thomas Welch
634,634,>30,174.0,other,4,tennis,Male,Joshua Rowland
635,635,>30,168.0,doctor,2,tennis,Female,Brianna Sullivan
636,636,>30,164.0,teacher,2,basketball,Female,Erica Clay
637,637,>30,165.0,other,2,tennis,Female,Joy Maxwell
638,638,20-24,174.0,other,45,tennis,Male,Kenneth Lane
639,639,>30,164.0,other,25,volleyball,Female,Jeremy Nelson
640,640,<20,170.0,developer,4,tennis,Male,Brandon Robinson
641,641,<20,175.0,student,8,swimming,Male,Vincent Haney
642,642,20-24,161.0,other,4,tennis,Female,Matthew Wu
643,643,20-24,170.0,other,2,football,Male,Adrian Edwards
644,644,>30,170.0,seller,2,football,Female,Michael Rasmussen
645,645,<20,163.0,student,2,tennis,Female,Mary Fuentes
646,646,>30,171.0,other,24,football,Male,Allison Castillo
647,647,>30,162.0,other,16,badminton,Female,Karen Valenzuela
648,648,<20,170.0,seller,3,football,Male,Gina Wilson
649,649,>30,169.0,other,2,tennis,Male,Alexander Nelson
650,650,>30,168.0,accounting,32,football,Male,David Brock
651,651,>30,171.0,other,6,football,Male,Christopher Berry
652,652,>30,161.0,engineer,2,basketball,Female,Sara Johnson
653,653,25-30,169.0,teacher,3,tennis,Female,Mitchell Allen
654,654,>30,168.0,other,3,tennis,Female,Stephen Jones
655,655,25-30,171.0,other,3,football,Male,Omar Glass
656,656,>30,171.0,other,3,table_tenis,Male,Wendy Tanner
657,657,20-24,172.0,other,24,football,Male,Bob Hughes
658,658,>30,169.0,other,20,football,Male,Keith Jones
659,659,>30,166.0,doctor,3,football,Female,Michael Harper
660,660,>30,170.0,other,3,tennis,Male,Gregory Hill
661,661,>30,170.0,other,2,tennis,Male,Toni Hicks
662,662,>30,173.0,other,3,tennis,Male,Angela Johnston
663,663,25-30,173.0,other,2,tennis,Male,Dawn Haas
664,664,>30,169.0,other,3,football,Male,Cynthia Nguyen
665,665,>30,167.0,accounting,6,swimming,Male,Amanda Scott
666,666,>30,169.0,other,3,badminton,Female,Sean Rose
667,667,>30,168.0,other,26,swimming,Female,Martin Clark
668,668,>30,167.0,student,50,badminton,Male,Samuel Johnson
669,669,>30,170.0,student,2,football,Male,Jason Hutchinson
670,670,25-30,170.0,engineer,3,tennis,Male,Kevin Wood
671,671,>30,162.0,other,3,football,Female,Jeffrey Clark
672,672,>30,164.0,accounting,3,table_tenis,Female,Allison Jackson
673,673,>30,169.0,accounting,54,tennis,Male,Elizabeth Bell
674,674,>30,168.0,other,3,football,Male,Kristen Peters
675,675,>30,168.0,seller,3,tennis,Male,Brendan Swanson
676,676,20-24,170.0,other,6,football,Male,Brett Price
677,677,>30,168.0,other,3,tennis,Female,David Combs
678,678,20-24,167.0,other,3,tennis,Male,Brian Taylor
679,679,>30,163.0,teacher,4,tennis,Female,Amanda Johnson
680,680,>30,166.0,other,2,swimming,Female,Emily Foster
681,681,>30,170.0,other,4,tennis,Female,Ryan Farley
682,682,25-30,172.0,seller,3,football,Male,Deborah Thomas
683,683,>30,170.0,doctor,26,swimming,Male,Gregg Lopez
684,684,>30,175.0,other,3,tennis,Male,Kevin Cabrera IV
685,685,>30,171.0,other,3,tennis,Male,Carla Bray
686,686,25-30,163.0,teacher,3,tennis,Female,Robert Barnes
687,687,>30,171.0,engineer,2,swimming,Male,Douglas Wright
688,688,25-30,172.0,other,45,tennis,Male,Michelle Vaughn
689,689,25-30,176.0,other,3,badminton,Male,Amber Pearson
690,690,>30,168.0,teacher,3,tennis,Male,Carolyn Hendricks
691,691,>30,170.0,other,3,tennis,Male,Carol Snyder
692,692,20-24,173.0,other,51,tennis,Male,Amber Mack
693,693,25-30,170.0,engineer,36,tennis,Male,Tammie Johnson
694,694,>30,168.0,other,7,badminton,Male,Julie Stone
695,695,>30,167.0,seller,3,football,Male,John Johnson
696,696,>30,169.0,other,4,tennis,Male,Jaclyn Thomas
697,697,20-24,172.0,student,33,football,Male,Emma Hernandez
698,698,20-24,174.0,seller,21,football,Male,Mark Ramirez
699,699,>30,164.0,other,24,swimming,Female,Alexander Butler
700,700,20-24,163.0,seller,2,football,Female,John Gordon MD
701,701,25-30,167.0,other,3,football,Male,Kyle Richard
702,702,>30,167.0,other,3,basketball,Female,Thomas Wells
703,703,25-30,172.0,other,25,tennis,Female,William Gates
704,704,>30,174.0,other,3,football,Male,Paula Martinez
705,705,25-30,172.0,other,3,football,Male,Anthony West
706,706,20-24,165.0,seller,2,football,Female,Sara Moore
707,707,>30,162.0,seller,3,tennis,Female,Andrew Oliver
708,708,25-30,169.0,other,3,tennis,Male,April Ward
709,709,25-30,173.0,other,26,table_tenis,Male,Caitlin Barrett
710,710,>30,170.0,other,26,football,Male,Cheryl Vaughan
711,711,>30,167.0,other,26,tennis,Male,Christopher Hancock
712,712,>30,169.0,seller,26,football,Male,Ashley Jefferson
713,713,>30,172.0,other,2,tennis,Male,Joel Dunlap
714,714,>30,174.0,seller,24,tennis,Male,Aaron Wright
715,715,20-24,167.0,other,3,tennis,Male,Jennifer Melendez
716,716,>30,172.0,engineer,3,tennis,Male,Jake Vasquez
717,717,>30,170.0,accounting,11,football,Male,Scott Valdez
718,718,>30,164.0,teacher,3,football,Female,Robert Grant
719,719,25-30,174.0,other,2,volleyball,Male,Brandon Lambert
720,720,>30,173.0,other,3,badminton,Male,Jose Crawford
721,721,>30,165.0,accounting,3,badminton,Female,Bruce Bruce
722,722,>30,170.0,other,3,tennis,Male,Darlene Saunders
723,723,25-30,164.0,student,3,football,Female,Paula Aguilar
724,724,>30,162.0,other,11,tennis,Male,Donald Jones
725,725,20-24,164.0,student,25,badminton,Female,Jennifer Casey
726,726,>30,167.0,other,3,tennis,Male,Patrick Harris
727,727,25-30,174.0,other,6,tennis,Male,Tina Hunter
728,728,>30,167.0,seller,3,football,Female,Dr. Tammy Gomez
729,729,>30,168.0,seller,4,football,Male,Tammy Rodriguez
730,730,>30,164.0,teacher,3,tennis,Female,Robert Vargas
731,731,>30,173.0,doctor,4,football,Male,Mathew Foster
732,732,>30,166.0,student,2,tennis,Male,Stacey Hamilton
733,733,>30,172.0,engineer,3,football,Male,Latoya Bailey
734,734,20-24,169.0,accounting,3,football,Male,Ana Rhodes
735,735,25-30,162.0,seller,4,tennis,Female,Andrew Johnson
736,736,>30,169.0,other,2,tennis,Male,Kathryn Castillo
737,737,>30,175.0,other,3,tennis,Male,Sarah Jennings
738,738,20-24,168.0,other,3,tennis,Male,Matthew Allen
739,739,20-24,164.0,student,3,tennis,Female,Ronald Nicholson
740,740,20-24,170.0,other,3,table_tenis,Female,Jeremy Bishop
741,741,>30,169.0,seller,24,volleyball,Male,Amanda Walker
742,742,25-30,176.0,seller,2,football,Male,Sean Bentley
743,743,>30,173.0,other,3,table_tenis,Male,Cynthia Hawkins
744,744,>30,160.0,other,34,badminton,Female,Kimberly Cruz
745,745,25-30,170.0,student,3,tennis,Female,Adam Kelly
746,746,>30,164.0,engineer,12,volleyball,Female,Daniel Stewart
747,747,20-24,164.0,other,3,football,Female,Spencer Hernandez
748,748,>30,171.0,seller,3,table_tenis,Male,Emma Robinson
749,749,>30,168.0,other,3,swimming,Male,Christine Anderson
750,750,>30,170.0,other,3,tennis,Male,Ryan Clark
751,751,25-30,171.0,seller,3,football,Male,Erika Carter
752,752,>30,169.0,seller,3,football,Male,Steven Mcintyre
753,753,>30,168.0,other,8,tennis,Female,Dawn Martinez
754,754,25-30,164.0,accounting,25,football,Female,Samuel Hudson
755,755,20-24,172.0,other,3,tennis,Male,Dawn Morton
756,756,25-30,173.0,student,10,football,Male,Emily Saunders
757,757,>30,169.0,other,32,football,Male,Jason Lawrence
758,758,>30,169.0,other,2,football,Male,Amanda Chavez
759,759,>30,167.0,teacher,2,swimming,Female,Edward Morales
760,760,>30,165.0,other,2,badminton,Female,Henry Rocha
761,761,25-30,169.0,teacher,11,football,Male,Kerry Cohen
762,762,25-30,169.0,seller,4,tennis,Female,Haley Leon
763,763,25-30,172.0,other,3,football,Male,Brian Richard
764,764,20-24,168.0,engineer,3,tennis,Male,Autumn Dudley
765,765,25-30,174.0,other,2,table_tenis,Male,John Zimmerman
766,766,>30,175.0,seller,2,football,Male,Amanda Bowers
767,767,25-30,168.0,teacher,2,football,Male,Laura Moss
768,768,>30,173.0,accounting,3,badminton,Male,Jimmy Cox
769,769,>30,160.0,doctor,3,tennis,Female,Crystal Mills
770,770,>30,173.0,seller,3,football,Male,Robert Thomas
771,771,25-30,169.0,seller,3,tennis,Female,Alejandro Roberts
772,772,20-24,170.0,other,18,football,Male,Scott Shelton
773,773,>30,168.0,seller,4,football,Male,Colin Lara
774,774,20-24,171.0,other,8,badminton,Male,Julie Cook
775,775,>30,172.0,seller,3,badminton,Male,Joan Cook
776,776,20-24,171.0,other,3,tennis,Male,Jessica Carr
777,777,25-30,174.0,other,3,tennis,Male,Tyler Hernandez
778,778,25-30,168.0,doctor,2,swimming,Male,Amy Lynch
779,779,25-30,168.0,other,3,tennis,Male,Edward Andrews
780,780,25-30,170.0,engineer,3,badminton,Male,Michael West
781,781,>30,160.0,other,2,tennis,Female,Diana Beck
782,782,>30,170.0,other,2,tennis,Male,Matthew Preston
783,783,20-24,174.0,doctor,30,badminton,Male,Dennis Robertson
784,784,>30,168.0,accounting,31,badminton,Female,Michael Nielsen
785,785,25-30,172.0,other,16,tennis,Female,Chris Gould
786,786,>30,171.0,other,28,tennis,Male,Joseph Campbell
787,787,25-30,169.0,engineer,20,swimming,Male,Chad Morris
788,788,25-30,169.0,seller,3,basketball,Male,Mr. Kelly Snyder
789,789,>30,164.0,student,3,badminton,Female,Catherine Turner
790,790,>30,165.0,other,3,football,Female,Jesse Mcdaniel
791,791,20-24,176.0,other,35,tennis,Male,Devin Ortiz
792,792,25-30,174.0,teacher,2,football,Male,Kendra Richardson
793,793,>30,170.0,other,35,football,Male,Kevin Bishop
794,794,<20,170.0,student,3,football,Male,Ronald Wilson
795,795,>30,173.0,doctor,55,table_tenis,Male,Miranda Wilson
796,796,>30,163.0,accounting,3,tennis,Female,Julie Mccarty
797,797,25-30,171.0,doctor,56,football,Male,Lindsay Henderson
798,798,20-24,166.0,other,3,tennis,Male,Courtney Martinez
799,799,>30,174.0,other,23,tennis,Male,Wayne Logan
800,800,>30,169.0,engineer,22,tennis,Male,Kelly Steele
801,801,20-24,167.0,teacher,2,tennis,Female,John Maldonado
802,802,>30,164.0,engineer,2,swimming,Female,James Perez
803,803,<20,173.0,seller,3,football,Male,Debbie Rodriguez
804,804,20-24,169.0,other,3,football,Male,Christopher Cummings
805,805,>30,168.0,other,44,football,Male,Kenneth Craig
806,806,>30,172.0,other,3,tennis,Male,Alex King
807,807,>30,168.0,accounting,3,volleyball,Male,Frederick Harris
808,808,>30,168.0,other,3,volleyball,Female,Emily Fisher
809,809,>30,168.0,seller,4,tennis,Female,Austin Bridges
810,810,>30,164.0,seller,4,football,Female,Shane Sullivan
811,811,>30,166.0,teacher,3,tennis,Male,Ronald Russell
812,812,20-24,164.0,seller,3,football,Female,Jonathan Marshall
813,813,25-30,172.0,doctor,24,tennis,Male,Herbert Jackson
814,814,25-30,170.0,student,4,tennis,Male,Randy Miller
815,815,25-30,165.0,engineer,3,football,Female,Michael Meyer
816,816,20-24,167.0,seller,3,football,Male,Evan Gordon
817,817,>30,173.0,engineer,22,badminton,Male,Nathan Strickland
818,818,>30,176.0,accounting,10,football,Male,Hector Lara
819,819,>30,168.0,doctor,3,tennis,Male,Erika Hendricks
820,820,25-30,170.0,other,3,football,Male,Henry Lewis
821,821,>30,171.0,other,3,tennis,Male,Jerry Reed
822,822,>30,168.0,teacher,15,swimming,Female,Brenda Marquez
823,823,>30,170.0,other,57,tennis,Male,Thomas Parker
824,824,25-30,172.0,engineer,31,tennis,Male,Erica Mitchell
825,825,>30,174.0,seller,3,volleyball,Male,Mark Duncan
826,826,20-24,167.0,other,3,tennis,Male,Amanda Anderson
827,827,25-30,170.0,seller,3,football,Male,Anna Charles
828,828,20-24,171.0,seller,3,badminton,Male,Michael Costa
829,829,25-30,172.0,other,33,football,Male,Albert Rodriguez
830,830,>30,168.0,engineer,3,tennis,Male,Anna Frey
831,831,20-24,171.0,other,3,tennis,Male,Brian Carney
832,832,25-30,172.0,other,2,football,Male,Cheryl Clark DVM
833,833,25-30,170.0,other,3,badminton,Male,Mary Shepherd
834,834,25-30,165.0,accounting,2,tennis,Female,Breanna Cook
835,835,>30,172.0,teacher,3,football,Male,Andrew Williams
836,836,20-24,168.0,doctor,3,tennis,Male,Douglas Silva
837,837,25-30,172.0,other,3,tennis,Male,Cindy Chapman
838,838,25-30,163.0,other,16,tennis,Female,Evan Fields
839,839,>30,169.0,accounting,3,swimming,Male,Samantha Hahn
840,840,20-24,175.0,doctor,6,tennis,Male,Julie Pham
841,841,>30,166.0,other,2,volleyball,Female,Erin Green
842,842,25-30,172.0,seller,3,tennis,Male,Eric Walker
843,843,>30,170.0,other,3,football,Male,Andrew Thompson
844,844,>30,174.0,other,31,tennis,Male,Thomas Haynes
845,845,25-30,172.0,other,6,tennis,Male,April Miller
846,846,>30,168.0,other,4,tennis,Male,Joel Mclaughlin
847,847,>30,169.0,engineer,3,basketball,Male,Theresa Anderson
848,848,>30,165.0,doctor,3,badminton,Female,Ralph Swanson
849,849,>30,171.0,engineer,6,football,Female,Shane Zimmerman
850,850,25-30,164.0,other,2,tennis,Female,John Rogers
851,851,>30,172.0,other,3,football,Female,Andrea Randall
852,852,25-30,170.0,engineer,3,football,Male,Larry Scott
853,853,>30,170.0,student,4,football,Male,Glenn Bailey
854,854,25-30,169.0,doctor,6,tennis,Female,Tina Harding
855,855,>30,167.0,engineer,3,badminton,Male,Scott Weber
856,856,25-30,164.0,other,54,badminton,Male,Kristin Mason
857,857,>30,168.0,other,3,table_tenis,Male,Kenneth Garcia
858,858,>30,173.0,other,3,tennis,Male,Blake Thompson
859,859,>30,166.0,doctor,4,football,Female,Jesus Smith
860,860,>30,161.0,seller,4,tennis,Female,Stephanie Wheeler DVM
861,861,25-30,176.0,other,3,football,Male,Kimberly Willis
862,862,25-30,175.0,other,3,football,Male,Nicholas Butler
863,863,25-30,172.0,other,15,football,Male,Bianca Ho
864,864,>30,170.0,other,2,volleyball,Male,Sandra Dodson
865,865,>30,166.0,other,3,tennis,Female,Monica Stewart
866,866,25-30,169.0,other,4,tennis,Male,Crystal Hughes
867,867,20-24,163.0,engineer,25,badminton,Female,Jacqueline Tate
868,868,>30,166.0,student,4,tennis,Male,Sarah Townsend
869,869,20-24,168.0,other,3,tennis,Male,Daryl Frye
870,870,25-30,173.0,engineer,3,football,Male,John Roy
871,871,20-24,173.0,seller,3,football,Male,Michael Thornton
872,872,25-30,164.0,other,4,tennis,Female,Melissa Ferguson
873,873,20-24,168.0,other,3,football,Female,Mark Woods
874,874,20-24,168.0,seller,3,football,Male,Kyle Becker
875,875,20-24,167.0,other,2,tennis,Female,Anne Jones
876,876,25-30,167.0,other,20,tennis,Male,Shawn Howard
877,877,>30,170.0,engineer,4,tennis,Male,Anthony Reeves
878,878,>30,163.0,doctor,13,football,Female,Pamela Hoffman
879,879,25-30,172.0,engineer,3,tennis,Male,Rebecca Campbell
880,880,>30,172.0,other,3,tennis,Male,William Bowman
881,881,25-30,167.0,other,6,football,Male,Alison Palmer
882,882,20-24,166.0,student,3,tennis,Female,Jonathan Green
883,883,20-24,163.0,seller,3,football,Female,Joseph Gonzalez
884,884,>30,173.0,engineer,2,tennis,Male,Makayla Costa
885,885,25-30,165.0,seller,2,tennis,Female,Joseph Lopez
886,886,25-30,176.0,engineer,12,badminton,Male,Theresa Davis
887,887,25-30,166.0,other,2,tennis,Female,Adam Mayer
888,888,>30,174.0,teacher,6,basketball,Male,Brett Payne
889,889,>30,165.0,doctor,4,volleyball,Female,Robert Hernandez
890,890,20-24,171.0,student,3,football,Male,Richard Larson
891,891,>30,168.0,accounting,3,football,Male,Stephanie Jones
892,892,>30,170.0,engineer,12,badminton,Male,Nicole Hernandez
893,893,25-30,162.0,other,3,tennis,Female,Thomas Riley
894,894,25-30,165.0,other,2,tennis,Female,Jason Castaneda
895,895,25-30,167.0,teacher,3,tennis,Female,Derrick Robinson
896,896,>30,164.0,other,3,football,Female,Brandon White
897,897,20-24,162.0,student,3,football,Female,Victoria Johnson
898,898,25-30,166.0,other,3,basketball,Female,Amber Marshall DDS
899,899,25-30,170.0,seller,3,football,Female,Leah Maddox
900,900,20-24,166.0,other,2,tennis,Female,Melissa Gonzalez
901,901,20-24,167.0,student,16,football,Female,Sydney Dodson
902,902,>30,172.0,other,2,badminton,Male,John Delgado
903,903,20-24,167.0,other,3,tennis,Male,Colin Jones
904,904,25-30,173.0,teacher,33,badminton,Male,Veronica Walker
905,905,>30,165.0,accounting,3,tennis,Female,Kimberly Gregory
906,906,25-30,172.0,seller,2,basketball,Male,Bethany Crawford
907,907,>30,166.0,seller,3,football,Male,Willie Kelly
908,908,20-24,167.0,doctor,22,basketball,Female,Barry Schultz
909,909,20-24,158.0,other,3,tennis,Female,Anthony Garcia
910,910,>30,162.0,other,52,tennis,Female,Ms. Ashley Dean
911,911,>30,169.0,other,3,football,Male,Cassandra Wells
912,912,>30,172.0,other,3,tennis,Male,Michael Mcfarland
913,913,>30,167.0,teacher,4,football,Male,Dr. Briana Marshall
914,914,>30,170.0,other,10,tennis,Male,Nicole Riggs
915,915,>30,164.0,other,3,tennis,Female,Erica Walker
916,916,25-30,170.0,seller,4,tennis,Male,Ray Clark
917,917,25-30,166.0,engineer,3,football,Male,Zachary Anderson
918,918,25-30,170.0,engineer,11,football,Male,Penny Rice
919,919,20-24,164.0,other,3,tennis,Female,Cindy Lewis
920,920,>30,170.0,other,3,tennis,Male,Betty Wright
921,921,25-30,166.0,seller,3,tennis,Male,Thomas Friedman
922,922,25-30,169.0,other,3,tennis,Male,Julia Hansen MD
923,923,>30,173.0,other,3,football,Male,Jackie Maldonado
924,924,20-24,165.0,seller,3,football,Female,Nicole Steele
925,925,20-24,166.0,seller,6,football,Female,Kyle Hutchinson
926,926,25-30,172.0,seller,4,football,Male,Sara Martinez
927,927,>30,166.0,other,6,table_tenis,Female,Cynthia Barnes
928,928,25-30,161.0,seller,3,football,Female,Ryan Wade
929,929,20-24,167.0,engineer,25,football,Male,Margaret Leonard
930,930,20-24,174.0,other,3,football,Male,Marvin Walker
931,931,25-30,164.0,other,3,tennis,Male,Rachel Green
932,932,25-30,174.0,engineer,3,tennis,Male,Michelle Sanders
933,933,>30,167.0,seller,2,tennis,Female,Bruce Turner
934,934,>30,168.0,other,3,basketball,Male,Mariah Martinez
935,935,>30,170.0,engineer,15,tennis,Male,Ashley Thompson
936,936,20-24,165.0,engineer,3,tennis,Female,John Booker
937,937,20-24,171.0,other,2,tennis,Male,Meagan Miles
938,938,>30,164.0,other,4,tennis,Male,Jennifer Fletcher
939,939,25-30,167.0,seller,3,football,Male,Steven Robinson
940,940,25-30,164.0,doctor,3,football,Female,Xavier Obrien
941,941,25-30,166.0,seller,2,football,Female,Dennis Harris
942,942,>30,171.0,other,3,tennis,Male,Nicole Crane
943,943,>30,167.0,engineer,56,tennis,Female,Timothy Walker
944,944,25-30,173.0,other,3,football,Male,Christine Walls
945,945,>30,166.0,other,3,tennis,Male,Jessica Rowland
946,946,25-30,174.0,engineer,3,football,Male,Lisa Crawford
947,947,>30,167.0,other,3,tennis,Female,Michael Singh
948,948,25-30,166.0,seller,4,tennis,Female,Jeffery Hale
949,949,>30,171.0,seller,8,football,Male,Joanna Evans
950,950,25-30,169.0,other,3,tennis,Male,Mitchell Patterson
951,951,>30,171.0,other,3,volleyball,Male,Christina Pope
952,952,25-30,168.0,other,21,tennis,Female,Ms. Joann Douglas
953,953,20-24,161.0,other,2,tennis,Female,Alejandro Bird
954,954,>30,175.0,seller,3,football,Male,Justin Ruiz
955,955,20-24,166.0,seller,4,football,Female,Cheryl Velasquez
956,956,>30,174.0,other,3,tennis,Male,Richard Perkins
957,957,>30,169.0,other,3,tennis,Male,Megan Horn
958,958,20-24,162.0,seller,3,tennis,Female,Emily Hernandez
959,959,20-24,165.0,student,4,tennis,Female,Carla Kennedy
960,960,>30,160.0,teacher,43,football,Female,William Davis
961,961,25-30,174.0,other,15,tennis,Male,Sandy Jarvis
962,962,20-24,168.0,seller,3,football,Male,Michael Gutierrez
963,963,20-24,164.0,teacher,3,football,Female,Austin White
964,964,>30,173.0,student,4,football,Male,Amanda Fields
965,965,>30,164.0,engineer,3,football,Female,Abigail Gonzalez
966,966,25-30,167.0,other,3,football,Female,James Vargas
967,967,25-30,173.0,other,40,tennis,Male,Justin Leon
968,968,>30,166.0,doctor,2,tennis,Female,Nathan Dawson
969,969,20-24,160.0,other,3,tennis,Female,Laura Mendez
970,970,20-24,170.0,other,3,football,Female,Tracy Reese
971,971,>30,169.0,other,3,table_tenis,Male,Michael Juarez
972,972,>30,167.0,other,10,football,Male,Jennifer Johnston
973,973,>30,172.0,other,1,badminton,Male,Destiny Cole
974,974,>30,171.0,other,3,tennis,Male,Rita Foster
975,975,20-24,165.0,other,3,football,Female,Douglas Foster
976,976,25-30,172.0,other,4,football,Male,Patricia Garner
977,977,20-24,165.0,student,4,tennis,Female,Adam Bailey
978,978,>30,171.0,engineer,3,football,Male,Kristen Perez
979,979,25-30,166.0,other,3,football,Female,Sandra Wilson DVM
980,980,>30,169.0,engineer,3,tennis,Male,April Walker
981,981,25-30,166.0,student,2,swimming,Female,Louis Newman
982,982,25-30,174.0,other,3,football,Male,Tonya Johnson
983,983,20-24,173.0,seller,4,tennis,Male,Stacey Robinson
984,984,>30,164.0,teacher,11,tennis,Female,Melinda Perez
985,985,>30,164.0,other,3,badminton,Female,Anne Gregory
986,986,25-30,170.0,other,3,tennis,Female,Nicole Johnson
987,987,20-24,166.0,engineer,3,tennis,Female,Benjamin Smith
988,988,>30,174.0,other,3,football,Male,Stacy Gordon
989,989,20-24,166.0,student,4,tennis,Female,Robert Eaton
990,990,25-30,166.0,student,2,swimming,Female,Brandon Sanchez
991,991,>30,168.0,engineer,3,swimming,Female,Beverly Marshall
992,992,20-24,161.0,other,24,tennis,Female,Nancy Tucker
993,993,>30,168.0,seller,3,football,Male,Ryan Austin
994,994,>30,172.0,other,2,tennis,Male,Patrick Roy
995,995,25-30,172.0,other,3,tennis,Male,Kyle Gilmore
996,996,>30,167.0,other,3,tennis,Male,Jacob Palmer
997,997,>30,159.0,seller,3,tennis,Female,Jackson Trevino
998,998,>30,168.0,other,3,tennis,Female,Deborah Bowman
999,999,>30,165.0,other,3,table_tenis,Female,Jacqueline Burnett
